--
-- PostgreSQL database cluster dump
--

SET default_transaction_read_only = off;

SET client_encoding = 'UTF8';
SET standard_conforming_strings = on;

--
-- Roles
--

CREATE ROLE coauser;
ALTER ROLE coauser WITH NOSUPERUSER INHERIT NOCREATEROLE NOCREATEDB LOGIN NOREPLICATION NOBYPASSRLS PASSWORD 'md5cb4a18f4882c3c414df5ba8608744c8f' VALID UNTIL 'infinity';





--
-- PostgreSQL database cluster dump complete
--


--
-- PostgreSQL database dump
--

-- Dumped from database version 9.5.3
-- Dumped by pg_dump version 9.5.3

-- Started on 2016-08-19 20:06:08

SET statement_timeout = 0;
SET lock_timeout = 0;
SET client_encoding = 'UTF8';
SET standard_conforming_strings = on;
SET check_function_bodies = false;
SET client_min_messages = warning;
SET row_security = off;

--
-- TOC entry 2156 (class 1262 OID 16394)
-- Name: coa_opendata; Type: DATABASE; Schema: -; Owner: coauser
--

CREATE DATABASE coa_opendata WITH TEMPLATE = template0 ENCODING = 'UTF8' LC_COLLATE = 'Chinese (Traditional)_Taiwan.950' LC_CTYPE = 'Chinese (Traditional)_Taiwan.950';


ALTER DATABASE coa_opendata OWNER TO coauser;

\connect coa_opendata

SET statement_timeout = 0;
SET lock_timeout = 0;
SET client_encoding = 'UTF8';
SET standard_conforming_strings = on;
SET check_function_bodies = false;
SET client_min_messages = warning;
SET row_security = off;

--
-- TOC entry 2157 (class 1262 OID 16394)
-- Dependencies: 2156
-- Name: coa_opendata; Type: COMMENT; Schema: -; Owner: coauser
--

COMMENT ON DATABASE coa_opendata IS '農委會開放資料';


--
-- TOC entry 1 (class 3079 OID 12355)
-- Name: plpgsql; Type: EXTENSION; Schema: -; Owner: 
--

CREATE EXTENSION IF NOT EXISTS plpgsql WITH SCHEMA pg_catalog;


--
-- TOC entry 2160 (class 0 OID 0)
-- Dependencies: 1
-- Name: EXTENSION plpgsql; Type: COMMENT; Schema: -; Owner: 
--

COMMENT ON EXTENSION plpgsql IS 'PL/pgSQL procedural language';


SET search_path = public, pg_catalog;

SET default_tablespace = '';

SET default_with_oids = false;

--
-- TOC entry 184 (class 1259 OID 24738)
-- Name: config; Type: TABLE; Schema: public; Owner: coauser
--

CREATE TABLE config (
    id integer NOT NULL,
    name text,
    source text,
    rownum integer DEFAULT 0,
    track boolean DEFAULT true
);


ALTER TABLE config OWNER TO coauser;

--
-- TOC entry 183 (class 1259 OID 24736)
-- Name: config_id_seq; Type: SEQUENCE; Schema: public; Owner: coauser
--

CREATE SEQUENCE config_id_seq
    START WITH 1
    INCREMENT BY 1
    NO MINVALUE
    NO MAXVALUE
    CACHE 1;


ALTER TABLE config_id_seq OWNER TO coauser;

--
-- TOC entry 2161 (class 0 OID 0)
-- Dependencies: 183
-- Name: config_id_seq; Type: SEQUENCE OWNED BY; Schema: public; Owner: coauser
--

ALTER SEQUENCE config_id_seq OWNED BY config.id;


--
-- TOC entry 188 (class 1259 OID 24760)
-- Name: crops; Type: TABLE; Schema: public; Owner: coauser
--

CREATE TABLE crops (
    id integer NOT NULL,
    cid integer,
    mid integer,
    name text,
    code text
);


ALTER TABLE crops OWNER TO coauser;

--
-- TOC entry 187 (class 1259 OID 24758)
-- Name: crops_id_seq; Type: SEQUENCE; Schema: public; Owner: coauser
--

CREATE SEQUENCE crops_id_seq
    START WITH 1
    INCREMENT BY 1
    NO MINVALUE
    NO MAXVALUE
    CACHE 1;


ALTER TABLE crops_id_seq OWNER TO coauser;

--
-- TOC entry 2162 (class 0 OID 0)
-- Dependencies: 187
-- Name: crops_id_seq; Type: SEQUENCE OWNED BY; Schema: public; Owner: coauser
--

ALTER SEQUENCE crops_id_seq OWNED BY crops.id;


--
-- TOC entry 189 (class 1259 OID 24779)
-- Name: crops_price; Type: TABLE; Schema: public; Owner: coauser
--

CREATE TABLE crops_price (
    cid integer NOT NULL,
    mid integer NOT NULL,
    year text NOT NULL,
    month text NOT NULL,
    days text NOT NULL,
    hp text,
    mp text,
    lp text,
    avg text,
    nt text,
    updatetime timestamp without time zone DEFAULT now()
);


ALTER TABLE crops_price OWNER TO coauser;

--
-- TOC entry 2163 (class 0 OID 0)
-- Dependencies: 189
-- Name: COLUMN crops_price.hp; Type: COMMENT; Schema: public; Owner: coauser
--

COMMENT ON COLUMN crops_price.hp IS '上價';


--
-- TOC entry 2164 (class 0 OID 0)
-- Dependencies: 189
-- Name: COLUMN crops_price.mp; Type: COMMENT; Schema: public; Owner: coauser
--

COMMENT ON COLUMN crops_price.mp IS '中價';


--
-- TOC entry 2165 (class 0 OID 0)
-- Dependencies: 189
-- Name: COLUMN crops_price.lp; Type: COMMENT; Schema: public; Owner: coauser
--

COMMENT ON COLUMN crops_price.lp IS '下價';


--
-- TOC entry 2166 (class 0 OID 0)
-- Dependencies: 189
-- Name: COLUMN crops_price.avg; Type: COMMENT; Schema: public; Owner: coauser
--

COMMENT ON COLUMN crops_price.avg IS '平均價';


--
-- TOC entry 2167 (class 0 OID 0)
-- Dependencies: 189
-- Name: COLUMN crops_price.nt; Type: COMMENT; Schema: public; Owner: coauser
--

COMMENT ON COLUMN crops_price.nt IS '交易量';


--
-- TOC entry 186 (class 1259 OID 24749)
-- Name: market; Type: TABLE; Schema: public; Owner: coauser
--

CREATE TABLE market (
    id integer NOT NULL,
    produce text,
    name text,
    code text
);


ALTER TABLE market OWNER TO coauser;

--
-- TOC entry 185 (class 1259 OID 24747)
-- Name: market_id_seq; Type: SEQUENCE; Schema: public; Owner: coauser
--

CREATE SEQUENCE market_id_seq
    START WITH 1
    INCREMENT BY 1
    NO MINVALUE
    NO MAXVALUE
    CACHE 1;


ALTER TABLE market_id_seq OWNER TO coauser;

--
-- TOC entry 2168 (class 0 OID 0)
-- Dependencies: 185
-- Name: market_id_seq; Type: SEQUENCE OWNED BY; Schema: public; Owner: coauser
--

ALTER SEQUENCE market_id_seq OWNED BY market.id;


--
-- TOC entry 181 (class 1259 OID 24615)
-- Name: rice_price_avg; Type: TABLE; Schema: public; Owner: coauser
--

CREATE TABLE rice_price_avg (
    year text NOT NULL,
    month text NOT NULL,
    days text NOT NULL,
    pr_1japt text,
    pr_1tsait text,
    pr_1sangt text,
    pr_1glutrt text,
    pr_1glutlt text,
    pr_2japt text,
    pr_2tsait text,
    pr_2sangt text,
    pr_2glutrt text,
    pr_2glutlt text,
    br_2japt text,
    br_2tsait text,
    br_2sangt text,
    br_2glutrt text,
    br_2glutlt text,
    pa_japt text,
    pa_tsait text,
    pa_sangt text,
    pa_glutrt text,
    pa_glutlt text,
    updatetime timestamp without time zone DEFAULT now()
);


ALTER TABLE rice_price_avg OWNER TO coauser;

--
-- TOC entry 2169 (class 0 OID 0)
-- Dependencies: 181
-- Name: COLUMN rice_price_avg.pr_1japt; Type: COMMENT; Schema: public; Owner: coauser
--

COMMENT ON COLUMN rice_price_avg.pr_1japt IS '稉種白米(蓬萊)零售價格';


--
-- TOC entry 2170 (class 0 OID 0)
-- Dependencies: 181
-- Name: COLUMN rice_price_avg.pr_1tsait; Type: COMMENT; Schema: public; Owner: coauser
--

COMMENT ON COLUMN rice_price_avg.pr_1tsait IS '硬秈白米(在來)零售價格';


--
-- TOC entry 2171 (class 0 OID 0)
-- Dependencies: 181
-- Name: COLUMN rice_price_avg.pr_1sangt; Type: COMMENT; Schema: public; Owner: coauser
--

COMMENT ON COLUMN rice_price_avg.pr_1sangt IS '軟秈白米零售價格';


--
-- TOC entry 2172 (class 0 OID 0)
-- Dependencies: 181
-- Name: COLUMN rice_price_avg.pr_1glutrt; Type: COMMENT; Schema: public; Owner: coauser
--

COMMENT ON COLUMN rice_price_avg.pr_1glutrt IS '圓糯白米零售價格';


--
-- TOC entry 2173 (class 0 OID 0)
-- Dependencies: 181
-- Name: COLUMN rice_price_avg.pr_1glutlt; Type: COMMENT; Schema: public; Owner: coauser
--

COMMENT ON COLUMN rice_price_avg.pr_1glutlt IS '長糯白米零售價格';


--
-- TOC entry 2174 (class 0 OID 0)
-- Dependencies: 181
-- Name: COLUMN rice_price_avg.pr_2japt; Type: COMMENT; Schema: public; Owner: coauser
--

COMMENT ON COLUMN rice_price_avg.pr_2japt IS '稉種白米(蓬萊)躉售價格';


--
-- TOC entry 2175 (class 0 OID 0)
-- Dependencies: 181
-- Name: COLUMN rice_price_avg.pr_2tsait; Type: COMMENT; Schema: public; Owner: coauser
--

COMMENT ON COLUMN rice_price_avg.pr_2tsait IS '硬秈白米(在來)躉售價格';


--
-- TOC entry 2176 (class 0 OID 0)
-- Dependencies: 181
-- Name: COLUMN rice_price_avg.pr_2sangt; Type: COMMENT; Schema: public; Owner: coauser
--

COMMENT ON COLUMN rice_price_avg.pr_2sangt IS '軟秈白米躉售價格';


--
-- TOC entry 2177 (class 0 OID 0)
-- Dependencies: 181
-- Name: COLUMN rice_price_avg.pr_2glutrt; Type: COMMENT; Schema: public; Owner: coauser
--

COMMENT ON COLUMN rice_price_avg.pr_2glutrt IS '圓糯白米躉售價格';


--
-- TOC entry 2178 (class 0 OID 0)
-- Dependencies: 181
-- Name: COLUMN rice_price_avg.pr_2glutlt; Type: COMMENT; Schema: public; Owner: coauser
--

COMMENT ON COLUMN rice_price_avg.pr_2glutlt IS '長糯白米躉售價格';


--
-- TOC entry 2179 (class 0 OID 0)
-- Dependencies: 181
-- Name: COLUMN rice_price_avg.br_2japt; Type: COMMENT; Schema: public; Owner: coauser
--

COMMENT ON COLUMN rice_price_avg.br_2japt IS '稉種糙米(蓬萊)躉售價格';


--
-- TOC entry 2180 (class 0 OID 0)
-- Dependencies: 181
-- Name: COLUMN rice_price_avg.br_2tsait; Type: COMMENT; Schema: public; Owner: coauser
--

COMMENT ON COLUMN rice_price_avg.br_2tsait IS '硬秈糙米(在來)躉售價格';


--
-- TOC entry 2181 (class 0 OID 0)
-- Dependencies: 181
-- Name: COLUMN rice_price_avg.br_2sangt; Type: COMMENT; Schema: public; Owner: coauser
--

COMMENT ON COLUMN rice_price_avg.br_2sangt IS '軟秈糙米躉售價格';


--
-- TOC entry 2182 (class 0 OID 0)
-- Dependencies: 181
-- Name: COLUMN rice_price_avg.br_2glutrt; Type: COMMENT; Schema: public; Owner: coauser
--

COMMENT ON COLUMN rice_price_avg.br_2glutrt IS '圓糯糙米躉售價格';


--
-- TOC entry 2183 (class 0 OID 0)
-- Dependencies: 181
-- Name: COLUMN rice_price_avg.br_2glutlt; Type: COMMENT; Schema: public; Owner: coauser
--

COMMENT ON COLUMN rice_price_avg.br_2glutlt IS '長糯糙米躉售價格';


--
-- TOC entry 2184 (class 0 OID 0)
-- Dependencies: 181
-- Name: COLUMN rice_price_avg.pa_japt; Type: COMMENT; Schema: public; Owner: coauser
--

COMMENT ON COLUMN rice_price_avg.pa_japt IS '稉種稻穀(蓬萊)價格';


--
-- TOC entry 2185 (class 0 OID 0)
-- Dependencies: 181
-- Name: COLUMN rice_price_avg.pa_tsait; Type: COMMENT; Schema: public; Owner: coauser
--

COMMENT ON COLUMN rice_price_avg.pa_tsait IS '硬秈稻穀(在來)價格';


--
-- TOC entry 2186 (class 0 OID 0)
-- Dependencies: 181
-- Name: COLUMN rice_price_avg.pa_sangt; Type: COMMENT; Schema: public; Owner: coauser
--

COMMENT ON COLUMN rice_price_avg.pa_sangt IS '軟秈稻穀價格';


--
-- TOC entry 2187 (class 0 OID 0)
-- Dependencies: 181
-- Name: COLUMN rice_price_avg.pa_glutrt; Type: COMMENT; Schema: public; Owner: coauser
--

COMMENT ON COLUMN rice_price_avg.pa_glutrt IS '圓糯稻穀價格';


--
-- TOC entry 2188 (class 0 OID 0)
-- Dependencies: 181
-- Name: COLUMN rice_price_avg.pa_glutlt; Type: COMMENT; Schema: public; Owner: coauser
--

COMMENT ON COLUMN rice_price_avg.pa_glutlt IS '長糯稻穀價格';


--
-- TOC entry 182 (class 1259 OID 24680)
-- Name: riceprice; Type: VIEW; Schema: public; Owner: postgres
--

CREATE VIEW riceprice AS
 SELECT (rice_price_avg.year)::integer AS year,
    (rice_price_avg.month)::integer AS month,
    (rice_price_avg.days)::integer AS days,
    (rice_price_avg.pr_1japt)::numeric(8,4) AS "稉種白米零售價格",
    (rice_price_avg.pr_1tsait)::numeric(8,4) AS "硬秈白米零售價格",
    (rice_price_avg.pr_1sangt)::numeric(8,4) AS "軟秈白米零售價格",
    (rice_price_avg.pr_1glutrt)::numeric(8,4) AS "圓糯白米零售價格",
    (rice_price_avg.pr_1glutlt)::numeric(8,4) AS "長糯白米零售價格",
    (((rice_price_avg.pr_2japt)::numeric / (100)::numeric))::numeric(8,4) AS "稉種白米躉售價格",
    (((rice_price_avg.pr_2tsait)::numeric / (100)::numeric))::numeric(8,4) AS "硬秈白米躉售價格",
    (((rice_price_avg.pr_2sangt)::numeric / (100)::numeric))::numeric(8,4) AS "軟秈白米躉售價格",
    (((rice_price_avg.pr_2glutrt)::numeric / (100)::numeric))::numeric(8,4) AS "圓糯白米躉售價格",
    (((rice_price_avg.pr_2glutlt)::numeric / (100)::numeric))::numeric(8,4) AS "長糯白米躉售價格",
    (((rice_price_avg.pr_2glutlt)::numeric / (100)::numeric))::numeric(8,4) AS field02,
    (((rice_price_avg.br_2japt)::numeric / (100)::numeric))::numeric(8,4) AS "稉種糙米躉售價格",
    (((rice_price_avg.br_2tsait)::numeric / (100)::numeric))::numeric(8,4) AS "硬秈糙米躉售價格",
    (((rice_price_avg.br_2sangt)::numeric / (100)::numeric))::numeric(8,4) AS "軟秈糙米躉售價格",
    (((rice_price_avg.br_2glutrt)::numeric / (100)::numeric))::numeric(8,4) AS "圓糯糙米躉售價格",
    (((rice_price_avg.br_2glutlt)::numeric / (100)::numeric))::numeric(8,4) AS "長糯糙米躉售價格",
    (((rice_price_avg.pa_japt)::numeric / (100)::numeric))::numeric(8,4) AS "稉種稻穀價格",
    (((rice_price_avg.pa_japt)::numeric / (100)::numeric))::numeric(8,4) AS field01,
    (((rice_price_avg.pa_tsait)::numeric / (100)::numeric))::numeric(8,4) AS "硬秈稻穀價格",
    (((rice_price_avg.pa_sangt)::numeric / (100)::numeric))::numeric(8,4) AS "軟秈稻穀價格",
    (((rice_price_avg.pa_glutrt)::numeric / (100)::numeric))::numeric(8,4) AS "圓糯稻穀價格",
    (((rice_price_avg.pa_glutlt)::numeric / (100)::numeric))::numeric(8,4) AS "長糯稻穀價格"
   FROM rice_price_avg
  ORDER BY (rice_price_avg.year)::integer DESC, (rice_price_avg.month)::integer DESC, (rice_price_avg.days)::integer DESC;


ALTER TABLE riceprice OWNER TO postgres;

--
-- TOC entry 2011 (class 2604 OID 24741)
-- Name: id; Type: DEFAULT; Schema: public; Owner: coauser
--

ALTER TABLE ONLY config ALTER COLUMN id SET DEFAULT nextval('config_id_seq'::regclass);


--
-- TOC entry 2015 (class 2604 OID 24763)
-- Name: id; Type: DEFAULT; Schema: public; Owner: coauser
--

ALTER TABLE ONLY crops ALTER COLUMN id SET DEFAULT nextval('crops_id_seq'::regclass);


--
-- TOC entry 2014 (class 2604 OID 24752)
-- Name: id; Type: DEFAULT; Schema: public; Owner: coauser
--

ALTER TABLE ONLY market ALTER COLUMN id SET DEFAULT nextval('market_id_seq'::regclass);


--
-- TOC entry 2146 (class 0 OID 24738)
-- Dependencies: 184
-- Data for Name: config; Type: TABLE DATA; Schema: public; Owner: coauser
--

INSERT INTO config (id, name, source, rownum, track) VALUES (1, '洋蔥', '批發價格', 17, true);
INSERT INTO config (id, name, source, rownum, track) VALUES (2, '馬鈴薯', '批發價格', 18, true);
INSERT INTO config (id, name, source, rownum, track) VALUES (3, '甘藍', '批發價格', 19, true);
INSERT INTO config (id, name, source, rownum, track) VALUES (4, '結球白菜', '批發價格', 20, true);
INSERT INTO config (id, name, source, rownum, track) VALUES (5, '日蔥(三星蔥)', '批發價格', 21, true);
INSERT INTO config (id, name, source, rownum, track) VALUES (6, '北蔥', '批發價格', 22, true);
INSERT INTO config (id, name, source, rownum, track) VALUES (7, '粉蔥', '批發價格', 23, true);
INSERT INTO config (id, name, source, rownum, track) VALUES (8, '花椰菜', '批發價格', 24, true);
INSERT INTO config (id, name, source, rownum, track) VALUES (9, '胡瓜', '批發價格', 25, true);


--
-- TOC entry 2189 (class 0 OID 0)
-- Dependencies: 183
-- Name: config_id_seq; Type: SEQUENCE SET; Schema: public; Owner: coauser
--

SELECT pg_catalog.setval('config_id_seq', 9, true);


--
-- TOC entry 2150 (class 0 OID 24760)
-- Dependencies: 188
-- Data for Name: crops; Type: TABLE DATA; Schema: public; Owner: coauser
--

INSERT INTO crops (id, cid, mid, name, code) VALUES (1, 1, 1, '洋蔥-本產', 'SD1');
INSERT INTO crops (id, cid, mid, name, code) VALUES (2, 1, 2, '洋蔥-本產', 'SD1');
INSERT INTO crops (id, cid, mid, name, code) VALUES (3, 2, 1, '馬鈴薯-本產', 'SC1');
INSERT INTO crops (id, cid, mid, name, code) VALUES (4, 2, 2, '馬鈴薯-本產', 'SC1');
INSERT INTO crops (id, cid, mid, name, code) VALUES (5, 3, 1, '甘藍-初秋', 'LA1');
INSERT INTO crops (id, cid, mid, name, code) VALUES (6, 3, 2, '甘藍-初秋', 'LA1');
INSERT INTO crops (id, cid, mid, name, code) VALUES (7, 3, 1, '甘藍-改良種', 'LA2');
INSERT INTO crops (id, cid, mid, name, code) VALUES (8, 3, 2, '甘藍-改良種', 'LA2');
INSERT INTO crops (id, cid, mid, name, code) VALUES (9, 4, 1, '包心白菜-包白', 'LC1');
INSERT INTO crops (id, cid, mid, name, code) VALUES (10, 4, 2, '包心白菜-包白', 'LC1');
INSERT INTO crops (id, cid, mid, name, code) VALUES (11, 4, 1, '包心白菜-包頭蓮', 'LC3');
INSERT INTO crops (id, cid, mid, name, code) VALUES (12, 4, 2, '包心白菜-包頭蓮', 'LC3');
INSERT INTO crops (id, cid, mid, name, code) VALUES (13, 5, 1, '青蔥-日蔥', 'SE1');
INSERT INTO crops (id, cid, mid, name, code) VALUES (14, 5, 2, '青蔥-日蔥', 'SE1');
INSERT INTO crops (id, cid, mid, name, code) VALUES (15, 6, 1, '青蔥-北蔥', 'SE2');
INSERT INTO crops (id, cid, mid, name, code) VALUES (16, 6, 2, '青蔥-北蔥', 'SE3');
INSERT INTO crops (id, cid, mid, name, code) VALUES (17, 7, 1, '青蔥-粉蔥', 'SE6');
INSERT INTO crops (id, cid, mid, name, code) VALUES (18, 7, 2, '青蔥-粉蔥', 'SE6');
INSERT INTO crops (id, cid, mid, name, code) VALUES (19, 9, 1, '胡瓜-黑刺', 'FC1');


--
-- TOC entry 2190 (class 0 OID 0)
-- Dependencies: 187
-- Name: crops_id_seq; Type: SEQUENCE SET; Schema: public; Owner: coauser
--

SELECT pg_catalog.setval('crops_id_seq', 19, true);



--
-- TOC entry 2148 (class 0 OID 24749)
-- Dependencies: 186
-- Data for Name: market; Type: TABLE DATA; Schema: public; Owner: coauser
--

INSERT INTO market (id, produce, name, code) VALUES (1, '蔬菜', '台北一', '109');
INSERT INTO market (id, produce, name, code) VALUES (2, '蔬菜', '台北二', '104');
INSERT INTO market (id, produce, name, code) VALUES (3, '水果', '台北一', '109');
INSERT INTO market (id, produce, name, code) VALUES (4, '水果', '台北二', '104');
INSERT INTO market (id, produce, name, code) VALUES (5, '花卉', '台北', '105');
INSERT INTO market (id, produce, name, code) VALUES (6, '水果', '東勢', '423');


--
-- TOC entry 2191 (class 0 OID 0)
-- Dependencies: 185
-- Name: market_id_seq; Type: SEQUENCE SET; Schema: public; Owner: coauser
--

SELECT pg_catalog.setval('market_id_seq', 6, true);


-- TOC entry 2020 (class 2606 OID 24746)
-- Name: config_pkey; Type: CONSTRAINT; Schema: public; Owner: coauser
--

ALTER TABLE ONLY config
    ADD CONSTRAINT config_pkey PRIMARY KEY (id);


--
-- TOC entry 2024 (class 2606 OID 24768)
-- Name: crops_pkey; Type: CONSTRAINT; Schema: public; Owner: coauser
--

ALTER TABLE ONLY crops
    ADD CONSTRAINT crops_pkey PRIMARY KEY (id);


--
-- TOC entry 2026 (class 2606 OID 24786)
-- Name: crops_price_pkey; Type: CONSTRAINT; Schema: public; Owner: coauser
--

ALTER TABLE ONLY crops_price
    ADD CONSTRAINT crops_price_pkey PRIMARY KEY (cid, mid, year, month, days);


--
-- TOC entry 2022 (class 2606 OID 24757)
-- Name: market_pkey; Type: CONSTRAINT; Schema: public; Owner: coauser
--

ALTER TABLE ONLY market
    ADD CONSTRAINT market_pkey PRIMARY KEY (id);


--
-- TOC entry 2018 (class 2606 OID 24623)
-- Name: rice_price_avg_pkey; Type: CONSTRAINT; Schema: public; Owner: coauser
--

ALTER TABLE ONLY rice_price_avg
    ADD CONSTRAINT rice_price_avg_pkey PRIMARY KEY (year, month, days);


--
-- TOC entry 2027 (class 2606 OID 24769)
-- Name: crops_cid_fkey; Type: FK CONSTRAINT; Schema: public; Owner: coauser
--

ALTER TABLE ONLY crops
    ADD CONSTRAINT crops_cid_fkey FOREIGN KEY (cid) REFERENCES config(id);


--
-- TOC entry 2028 (class 2606 OID 24774)
-- Name: crops_mid_fkey; Type: FK CONSTRAINT; Schema: public; Owner: coauser
--

ALTER TABLE ONLY crops
    ADD CONSTRAINT crops_mid_fkey FOREIGN KEY (mid) REFERENCES market(id);


--
-- TOC entry 2159 (class 0 OID 0)
-- Dependencies: 6
-- Name: public; Type: ACL; Schema: -; Owner: postgres
--

REVOKE ALL ON SCHEMA public FROM PUBLIC;
REVOKE ALL ON SCHEMA public FROM postgres;
GRANT ALL ON SCHEMA public TO postgres;
GRANT ALL ON SCHEMA public TO PUBLIC;


-- Completed on 2016-08-19 20:06:09

--
-- PostgreSQL database dump complete
--

